{
    "parent": "minecraft:block/block",
    "textures": {
        "particle": "fractal:block/fractal_yellow",
        "0": "fractal:block/fractal_yellow"
    },
    "elements": [
        {
            "from": [
                0.0,
                0.0,
                0.0
            ],
            "to": [
                16.0,
                16.0,
                16.0
            ],
            "faces": {
                "down": {
                    "texture": "#0"
                },
                "up": {
                    "texture": "#0"
                },
                "north": {
                    "texture": "#0"
                },
                "south": {
                    "texture": "#0"
                },
                "west": {
                    "texture": "#0"
                },
                "east": {
                    "texture": "#0"
                }
            }
        }
    ]
}