{
	"credit": "Made with Blockbench",
	"textures": {
		"0": "city:block/lighting_column_midsection",
		"particle": "city:block/lighting_column_midsection"
	},
	"elements": [
		{
			"from": [7, 0, 7],
			"to": [9, 16, 9],
			"faces": {
				"north": {"uv": [0, 0, 2, 16], "texture": "#0"},
				"east": {"uv": [2, 0, 4, 16], "texture": "#0"},
				"south": {"uv": [4, 0, 6, 16], "texture": "#0"},
				"west": {"uv": [6, 0, 8, 16], "texture": "#0"},
				"up": {"uv": [10, 2, 8, 0], "texture": "#0"},
				"down": {"uv": [10, 2, 8, 4], "texture": "#0"}
			}
		}
	],
	"display": {
		"thirdperson_righthand": {
			"translation": [0, 0, -1]
		},
		"thirdperson_lefthand": {
			"translation": [0, 0, -1]
		},
		"firstperson_righthand": {
			"rotation": [0, 19, 0],
			"translation": [1.5, 4.75, 0]
		},
		"firstperson_lefthand": {
			"rotation": [0, 19, 0],
			"translation": [1.5, 4.75, 0]
		},
		"ground": {
			"rotation": [90, 0, 0]
		},
		"gui": {
			"rotation": [28, -46, 0],
			"scale": [0.75, 0.75, 0.75]
		},
		"head": {
			"translation": [0, 14.25, 0]
		},
		"fixed": {
			"rotation": [90, 0, 0]
		}
	}
}