{
	"credit": "Made with Blockbench",
	"textures": {
		"0": "emotes:item/steve",
		"particle": "emotes:item/steve"
	},
	"elements": [
		{
			"from": [0, 0, 0],
			"to": [8, 12, 4],
			"faces": {
				"north": {"uv": [5, 5, 7, 8], "texture": "#0"},
				"east": {"uv": [4, 5, 5, 8], "texture": "#0"},
				"south": {"uv": [8, 5, 10, 8], "texture": "#0"},
				"west": {"uv": [7, 5, 8, 8], "texture": "#0"},
				"up": {"uv": [5, 4, 7, 5], "texture": "#0"},
				"down": {"uv": [7, 4, 9, 5], "texture": "#0"}
			}
		}
	],
	"display": {
		"head": {
			"translation": [6, -9.5, 9],
			"scale": [1.5, 1.5, 1.5]
		}
	}
}