{
	"credit": "Made with Blockbench",
	"textures": {
		"0": "emotes:item/steve",
		"particle": "emotes:item/steve"
	},
	"elements": [
		{
			"from": [0, 0, 0],
			"to": [4, 12, 4],
			"faces": {
				"north": {"uv": [11, 5, 12, 8], "texture": "#0"},
				"east": {"uv": [10, 5, 11, 8], "texture": "#0"},
				"south": {"uv": [13, 5, 14, 8], "texture": "#0"},
				"west": {"uv": [12, 5, 13, 8], "texture": "#0"},
				"up": {"uv": [11, 4, 12, 5], "texture": "#0"},
				"down": {"uv": [12, 4, 13, 5], "texture": "#0"}
			}
		}
	],
	"display": {
		"thirdperson_righthand": {
			"rotation": [90, 0, 0],
			"translation": [6, -8, 8]
		},
		"head": {
			"translation": [9, -9.5, 9],
			"scale": [1.5, 1.5, 1.5]
		}
	}
}