{
	"credit": "Made with Blockbench",
	"texture_size": [32, 32],
	"textures": {
		"0": "city:block/lighting_column_lantern",
		"particle": "city:block/lighting_column_lantern"
	},
	"elements": [
		{
			"name": "case",
			"from": [5, 9, -15],
			"to": [11, 11, -8],
			"faces": {
				"north": {"uv": [6, 1, 9, 2], "texture": "#0"},
				"east": {"uv": [0, 6, 3.5, 7], "texture": "#0"},
				"south": {"uv": [6, 2, 9, 3], "texture": "#0"},
				"west": {"uv": [6, 0, 9.5, 1], "texture": "#0"},
				"up": {"uv": [3, 3.5, 0, 0], "texture": "#0"},
				"down": {"uv": [6, 0, 3, 3.5], "texture": "#0"}
			}
		},
		{
			"from": [7, 0, 7],
			"to": [9, 1, 9],
			"faces": {
				"north": {"uv": [6, 3, 7, 3.5], "texture": "#0"},
				"east": {"uv": [8.5, 5, 9.5, 5.5], "texture": "#0"},
				"south": {"uv": [7, 9.5, 8, 10], "texture": "#0"},
				"west": {"uv": [9.5, 7, 10.5, 7.5], "texture": "#0"},
				"up": {"uv": [9.5, 4, 8.5, 3], "texture": "#0"},
				"down": {"uv": [9.5, 4, 8.5, 5], "texture": "#0"}
			}
		},
		{
			"from": [7, 1, 6],
			"to": [9, 6, 8],
			"faces": {
				"north": {"uv": [6, 5.5, 7, 8], "texture": "#0"},
				"east": {"uv": [0, 7, 1, 9.5], "texture": "#0"},
				"south": {"uv": [1, 7, 2, 9.5], "texture": "#0"},
				"west": {"uv": [2, 7, 3, 9.5], "texture": "#0"},
				"up": {"uv": [7, 9.5, 6, 8.5], "texture": "#0"},
				"down": {"uv": [8, 8.5, 7, 9.5], "texture": "#0"}
			}
		},
		{
			"from": [7, 8, -3],
			"to": [9, 10, 4],
			"faces": {
				"north": {"uv": [8, 8.5, 9, 9.5], "texture": "#0"},
				"east": {"uv": [4, 3.5, 7.5, 4.5], "texture": "#0"},
				"south": {"uv": [9, 1, 10, 2], "texture": "#0"},
				"west": {"uv": [4, 4.5, 7.5, 5.5], "texture": "#0"},
				"up": {"uv": [5, 9, 4, 5.5], "texture": "#0"},
				"down": {"uv": [6, 5.5, 5, 9], "texture": "#0"}
			}
		},
		{
			"from": [7, 9, -8],
			"to": [9, 11, -3],
			"faces": {
				"north": {"uv": [9, 2, 10, 3], "texture": "#0"},
				"east": {"uv": [7, 5.5, 9.5, 6.5], "texture": "#0"},
				"south": {"uv": [4, 9, 5, 10], "texture": "#0"},
				"west": {"uv": [7, 6.5, 9.5, 7.5], "texture": "#0"},
				"up": {"uv": [4, 9.5, 3, 7], "texture": "#0"},
				"down": {"uv": [8.5, 3, 7.5, 5.5], "texture": "#0"}
			}
		},
		{
			"from": [7, 6, 5],
			"to": [9, 8, 7],
			"faces": {
				"north": {"uv": [5, 9, 6, 10], "texture": "#0"},
				"east": {"uv": [9, 8, 10, 9], "texture": "#0"},
				"south": {"uv": [9, 9, 10, 10], "texture": "#0"},
				"west": {"uv": [0, 9.5, 1, 10.5], "texture": "#0"},
				"up": {"uv": [10.5, 1, 9.5, 0], "texture": "#0"},
				"down": {"uv": [2, 9.5, 1, 10.5], "texture": "#0"}
			}
		},
		{
			"from": [7, 7, 4],
			"to": [9, 9, 6],
			"faces": {
				"north": {"uv": [2, 9.5, 3, 10.5], "texture": "#0"},
				"east": {"uv": [3, 9.5, 4, 10.5], "texture": "#0"},
				"south": {"uv": [9.5, 3, 10.5, 4], "texture": "#0"},
				"west": {"uv": [9.5, 4, 10.5, 5], "texture": "#0"},
				"up": {"uv": [10.5, 6, 9.5, 5], "texture": "#0"},
				"down": {"uv": [7, 9.5, 6, 10.5], "texture": "#0"}
			}
		},
		{
			"name": "light",
			"from": [6, 8.5, -14],
			"to": [10, 9.5, -9],
			"light_emission": 15,
			"faces": {
				"north": {"uv": [9.5, 6, 11.5, 6.5], "texture": "#0"},
				"east": {"uv": [7, 7.5, 9.5, 8], "texture": "#0"},
				"south": {"uv": [9.5, 6.5, 11.5, 7], "texture": "#0"},
				"west": {"uv": [6, 8, 8.5, 8.5], "texture": "#0"},
				"up": {"uv": [2, 6, 0, 3.5], "texture": "#0"},
				"down": {"uv": [4, 3.5, 2, 6], "texture": "#0"}
			}
		}
	],
	"display": {
		"thirdperson_righthand": {
			"rotation": [0, -90, 0],
			"translation": [-3, 0.5, 0],
			"scale": [0.3, 0.3, 0.3]
		},
		"thirdperson_lefthand": {
			"rotation": [0, -90, 0],
			"translation": [-3, 0.5, 0],
			"scale": [0.3, 0.3, 0.3]
		},
		"firstperson_righthand": {
			"rotation": [0, 45, -21],
			"translation": [7.25, 2.75, 0],
			"scale": [0.75, 0.75, 0.75]
		},
		"firstperson_lefthand": {
			"rotation": [0, 45, -21],
			"translation": [7.25, 2.75, 0],
			"scale": [0.75, 0.75, 0.75]
		},
		"ground": {
			"rotation": [0, 0, 90],
			"translation": [0, 0, 3],
			"scale": [0.3, 0.3, 0.3]
		},
		"gui": {
			"rotation": [-17, 137, 0],
			"translation": [6.25, 0, 0],
			"scale": [0.75, 0.75, 0.75]
		},
		"head": {
			"translation": [0, 6.25, 0]
		},
		"fixed": {
			"rotation": [0, 90, 0],
			"translation": [8.5, 0, 0],
			"scale": [0.75, 0.75, 0.75]
		}
	},
	"groups": [
		0,
		{
			"name": "column",
			"origin": [8, 8, 8],
			"color": 0,
			"children": [1, 2, 3, 4, 5, 6]
		},
		7
	]
}