{
	"credit": "Made with Blockbench",
	"textures": {
		"0": "city:block/lighting_column_wall_mount",
		"particle": "city:block/lighting_column_wall_mount"
	},
	"elements": [
		{
			"from": [7, 13, 7],
			"to": [9, 16, 9],
			"faces": {
				"north": {"uv": [4, 4, 6, 7], "texture": "#0"},
				"east": {"uv": [6, 4, 8, 7], "texture": "#0"},
				"south": {"uv": [7, 0, 9, 3], "texture": "#0"},
				"west": {"uv": [4, 7, 6, 10], "texture": "#0"},
				"up": {"uv": [13, 2, 11, 0], "texture": "#0"},
				"down": {"uv": [4, 11, 2, 13], "texture": "#0"}
			}
		},
		{
			"from": [7, 11, 6],
			"to": [9, 13, 8],
			"faces": {
				"north": {"uv": [11, 2, 13, 4], "texture": "#0"},
				"east": {"uv": [11, 4, 13, 6], "texture": "#0"},
				"south": {"uv": [6, 11, 8, 13], "texture": "#0"},
				"west": {"uv": [11, 6, 13, 8], "texture": "#0"},
				"up": {"uv": [10, 13, 8, 11], "texture": "#0"},
				"down": {"uv": [6, 12, 4, 14], "texture": "#0"}
			}
		},
		{
			"from": [7, 15, 0],
			"to": [9, 17, 7],
			"faces": {
				"north": {"uv": [12, 8, 14, 10], "texture": "#0"},
				"east": {"uv": [0, 0, 7, 2], "texture": "#0"},
				"south": {"uv": [10, 12, 12, 14], "texture": "#0"},
				"west": {"uv": [0, 2, 7, 4], "texture": "#0"},
				"up": {"uv": [2, 11, 0, 4], "texture": "#0"},
				"down": {"uv": [4, 4, 2, 11], "texture": "#0"}
			}
		},
		{
			"from": [7, 10, 5],
			"to": [9, 12, 7],
			"faces": {
				"north": {"uv": [12, 10, 14, 12], "texture": "#0"},
				"east": {"uv": [12, 12, 14, 14], "texture": "#0"},
				"south": {"uv": [0, 13, 2, 15], "texture": "#0"},
				"west": {"uv": [13, 0, 15, 2], "texture": "#0"},
				"up": {"uv": [4, 15, 2, 13], "texture": "#0"},
				"down": {"uv": [15, 2, 13, 4], "texture": "#0"}
			}
		},
		{
			"from": [7, 9, 2],
			"to": [9, 11, 5],
			"faces": {
				"north": {"uv": [13, 4, 15, 6], "texture": "#0"},
				"east": {"uv": [6, 7, 9, 9], "texture": "#0"},
				"south": {"uv": [6, 13, 8, 15], "texture": "#0"},
				"west": {"uv": [8, 3, 11, 5], "texture": "#0"},
				"up": {"uv": [11, 3, 9, 0], "texture": "#0"},
				"down": {"uv": [11, 5, 9, 8], "texture": "#0"}
			}
		},
		{
			"from": [7, 8, 0],
			"to": [9, 10, 2],
			"faces": {
				"north": {"uv": [6, 9, 8, 11], "texture": "#0"},
				"east": {"uv": [8, 9, 10, 11], "texture": "#0"},
				"south": {"uv": [4, 10, 6, 12], "texture": "#0"},
				"west": {"uv": [10, 8, 12, 10], "texture": "#0"},
				"up": {"uv": [12, 12, 10, 10], "texture": "#0"},
				"down": {"uv": [2, 11, 0, 13], "texture": "#0"}
			}
		}
	],
	"display": {
		"thirdperson_righthand": {
			"rotation": [0, -90, 0],
			"translation": [-4, -5, -1]
		},
		"thirdperson_lefthand": {
			"rotation": [0, -90, 0],
			"translation": [-4, -5, -1]
		},
		"firstperson_righthand": {
			"rotation": [0, 46, 0],
			"translation": [4.25, -2.5, 0]
		},
		"firstperson_lefthand": {
			"rotation": [0, 46, 0],
			"translation": [4.25, -2.5, 0]
		},
		"ground": {
			"rotation": [0, 0, 90],
			"translation": [6, -0.5, 3.5]
		},
		"gui": {
			"rotation": [0, -90, -21],
			"translation": [-3, -4.5, 0]
		},
		"head": {
			"rotation": [0, 180, 0],
			"translation": [0, -4.25, -14.5]
		},
		"fixed": {
			"rotation": [0, -89, 0],
			"translation": [-4.25, -4.5, 0]
		}
	}
}