{
    "credit": "Fractal model by created programatically by AlignedCookie88. https://alignedcookie88.com",
    "parent": "minecraft:block/block",
    "textures": {
        "particle": "#fractal",
        "0": "#fractal"
    },
    "elements": [
        {
            "from": [
                0.0,
                0.0,
                0.0
            ],
            "to": [
                16.0,
                16.0,
                16.0
            ],
            "faces": {
                "down": {
                    "texture": "#0"
                },
                "up": {
                    "texture": "#0"
                },
                "north": {
                    "texture": "#0"
                },
                "south": {
                    "texture": "#0"
                },
                "west": {
                    "texture": "#0"
                },
                "east": {
                    "texture": "#0"
                }
            }
        }
    ]
}