{
	"credit": "Made with Blockbench",
	"textures": {
		"4": "city:item/car/plates",
		"5": "city:item/car/lights",
		"wheel": "city:item/car/wheel",
		"windscreen": "city:item/car/windscreen",
		"back_window": "city:item/car/back_window",
		"particle": "city:item/car/body",
		"body": "city:item/car/body"
	},
	"elements": [
		{
			"from": [12, 0, 14],
			"to": [14, 4, 16],
			"rotation": {"angle": 0, "axis": "y", "origin": [12, 0, 14]},
			"faces": {
				"north": {"uv": [0, 0, 2, 4], "texture": "#wheel"},
				"east": {"uv": [2, 0, 4, 4], "texture": "#wheel"},
				"south": {"uv": [0, 4, 2, 8], "texture": "#wheel"},
				"west": {"uv": [4, 0, 6, 4], "texture": "#wheel"},
				"up": {"uv": [8, 4, 6, 2], "texture": "#wheel"},
				"down": {"uv": [6, 6, 4, 8], "texture": "#wheel"}
			}
		},
		{
			"from": [12, 1, 16],
			"to": [14, 3, 17],
			"rotation": {"angle": 0, "axis": "y", "origin": [12, 1, 16]},
			"faces": {
				"north": {"uv": [6, 0, 8, 2], "texture": "#wheel"},
				"east": {"uv": [7, 6, 8, 8], "texture": "#wheel"},
				"south": {"uv": [2, 6, 4, 8], "texture": "#wheel"},
				"west": {"uv": [0, 8, 1, 10], "texture": "#wheel"},
				"up": {"uv": [10, 1, 8, 0], "texture": "#wheel"},
				"down": {"uv": [3, 8, 1, 9], "texture": "#wheel"}
			}
		},
		{
			"from": [12, 1, 13],
			"to": [14, 3, 14],
			"rotation": {"angle": 0, "axis": "y", "origin": [12, 1, 13]},
			"faces": {
				"north": {"uv": [2, 4, 4, 6], "texture": "#wheel"},
				"east": {"uv": [6, 4, 7, 6], "texture": "#wheel"},
				"south": {"uv": [4, 4, 6, 6], "texture": "#wheel"},
				"west": {"uv": [6, 6, 7, 8], "texture": "#wheel"},
				"up": {"uv": [9, 5, 7, 4], "texture": "#wheel"},
				"down": {"uv": [9, 5, 7, 6], "texture": "#wheel"}
			}
		},
		{
			"from": [12, 0, 0],
			"to": [14, 4, 2],
			"rotation": {"angle": 0, "axis": "y", "origin": [12, 0, 0]},
			"faces": {
				"north": {"uv": [0, 0, 2, 4], "texture": "#wheel"},
				"east": {"uv": [2, 0, 4, 4], "texture": "#wheel"},
				"south": {"uv": [0, 4, 2, 8], "texture": "#wheel"},
				"west": {"uv": [4, 0, 6, 4], "texture": "#wheel"},
				"up": {"uv": [8, 4, 6, 2], "texture": "#wheel"},
				"down": {"uv": [6, 6, 4, 8], "texture": "#wheel"}
			}
		},
		{
			"from": [12, 1, 2],
			"to": [14, 3, 3],
			"rotation": {"angle": 0, "axis": "y", "origin": [12, 1, 2]},
			"faces": {
				"north": {"uv": [6, 0, 8, 2], "texture": "#wheel"},
				"east": {"uv": [7, 6, 8, 8], "texture": "#wheel"},
				"south": {"uv": [2, 6, 4, 8], "texture": "#wheel"},
				"west": {"uv": [0, 8, 1, 10], "texture": "#wheel"},
				"up": {"uv": [10, 1, 8, 0], "texture": "#wheel"},
				"down": {"uv": [3, 8, 1, 9], "texture": "#wheel"}
			}
		},
		{
			"from": [12, 1, -1],
			"to": [14, 3, 0],
			"rotation": {"angle": 0, "axis": "y", "origin": [12, 1, -1]},
			"faces": {
				"north": {"uv": [2, 4, 4, 6], "texture": "#wheel"},
				"east": {"uv": [6, 4, 7, 6], "texture": "#wheel"},
				"south": {"uv": [4, 4, 6, 6], "texture": "#wheel"},
				"west": {"uv": [6, 6, 7, 8], "texture": "#wheel"},
				"up": {"uv": [9, 5, 7, 4], "texture": "#wheel"},
				"down": {"uv": [9, 5, 7, 6], "texture": "#wheel"}
			}
		},
		{
			"from": [2, 0, 14],
			"to": [4, 4, 16],
			"rotation": {"angle": 0, "axis": "y", "origin": [2, 0, 14]},
			"faces": {
				"north": {"uv": [0, 0, 2, 4], "texture": "#wheel"},
				"east": {"uv": [2, 0, 4, 4], "texture": "#wheel"},
				"south": {"uv": [0, 4, 2, 8], "texture": "#wheel"},
				"west": {"uv": [4, 0, 6, 4], "texture": "#wheel"},
				"up": {"uv": [8, 4, 6, 2], "texture": "#wheel"},
				"down": {"uv": [6, 6, 4, 8], "texture": "#wheel"}
			}
		},
		{
			"from": [2, 1, 16],
			"to": [4, 3, 17],
			"rotation": {"angle": 0, "axis": "y", "origin": [2, 1, 16]},
			"faces": {
				"north": {"uv": [6, 0, 8, 2], "texture": "#wheel"},
				"east": {"uv": [7, 6, 8, 8], "texture": "#wheel"},
				"south": {"uv": [2, 6, 4, 8], "texture": "#wheel"},
				"west": {"uv": [0, 8, 1, 10], "texture": "#wheel"},
				"up": {"uv": [10, 1, 8, 0], "texture": "#wheel"},
				"down": {"uv": [3, 8, 1, 9], "texture": "#wheel"}
			}
		},
		{
			"from": [2, 1, 13],
			"to": [4, 3, 14],
			"rotation": {"angle": 0, "axis": "y", "origin": [2, 1, 13]},
			"faces": {
				"north": {"uv": [2, 4, 4, 6], "texture": "#wheel"},
				"east": {"uv": [6, 4, 7, 6], "texture": "#wheel"},
				"south": {"uv": [4, 4, 6, 6], "texture": "#wheel"},
				"west": {"uv": [6, 6, 7, 8], "texture": "#wheel"},
				"up": {"uv": [9, 5, 7, 4], "texture": "#wheel"},
				"down": {"uv": [9, 5, 7, 6], "texture": "#wheel"}
			}
		},
		{
			"from": [2, 0, 0],
			"to": [4, 4, 2],
			"rotation": {"angle": 0, "axis": "y", "origin": [2, 0, 0]},
			"faces": {
				"north": {"uv": [0, 0, 2, 4], "texture": "#wheel"},
				"east": {"uv": [2, 0, 4, 4], "texture": "#wheel"},
				"south": {"uv": [0, 4, 2, 8], "texture": "#wheel"},
				"west": {"uv": [4, 0, 6, 4], "texture": "#wheel"},
				"up": {"uv": [8, 4, 6, 2], "texture": "#wheel"},
				"down": {"uv": [6, 6, 4, 8], "texture": "#wheel"}
			}
		},
		{
			"from": [2, 1, 2],
			"to": [4, 3, 3],
			"rotation": {"angle": 0, "axis": "y", "origin": [2, 1, 2]},
			"faces": {
				"north": {"uv": [6, 0, 8, 2], "texture": "#wheel"},
				"east": {"uv": [7, 6, 8, 8], "texture": "#wheel"},
				"south": {"uv": [2, 6, 4, 8], "texture": "#wheel"},
				"west": {"uv": [0, 8, 1, 10], "texture": "#wheel"},
				"up": {"uv": [10, 1, 8, 0], "texture": "#wheel"},
				"down": {"uv": [3, 8, 1, 9], "texture": "#wheel"}
			}
		},
		{
			"from": [2, 1, -1],
			"to": [4, 3, 0],
			"rotation": {"angle": 0, "axis": "y", "origin": [2, 1, -1]},
			"faces": {
				"north": {"uv": [2, 4, 4, 6], "texture": "#wheel"},
				"east": {"uv": [6, 4, 7, 6], "texture": "#wheel"},
				"south": {"uv": [4, 4, 6, 6], "texture": "#wheel"},
				"west": {"uv": [6, 6, 7, 8], "texture": "#wheel"},
				"up": {"uv": [9, 5, 7, 4], "texture": "#wheel"},
				"down": {"uv": [9, 5, 7, 6], "texture": "#wheel"}
			}
		},
		{
			"from": [2, 3, 4],
			"to": [14, 4, 12],
			"rotation": {"angle": 0, "axis": "y", "origin": [3, 3, 4]},
			"faces": {
				"north": {"uv": [12, 0.25, 15, 0.5], "texture": "#body"},
				"east": {"uv": [12, 4, 14, 4.25], "texture": "#body"},
				"south": {"uv": [12, 0.5, 15, 0.75], "texture": "#body"},
				"west": {"uv": [12, 4.25, 14, 4.5], "texture": "#body"},
				"up": {"uv": [10, 10, 7, 8], "texture": "#body"},
				"down": {"uv": [7, 8.5, 4, 10.5], "texture": "#body"}
			}
		},
		{
			"from": [4, 2, -2],
			"to": [12, 5, 18],
			"rotation": {"angle": 0, "axis": "y", "origin": [3, 2, 4]},
			"faces": {
				"north": {"uv": [10, 8.5, 12, 9.25], "texture": "#body"},
				"east": {"uv": [10, 6, 15, 6.75], "texture": "#body"},
				"south": {"uv": [10, 9.25, 12, 10], "texture": "#body"},
				"west": {"uv": [10, 6.75, 15, 7.5], "texture": "#body"},
				"up": {"uv": [2, 10.5, 0, 5.5], "texture": "#body"},
				"down": {"uv": [4, 5.5, 2, 10.5], "texture": "#body"}
			}
		},
		{
			"from": [2, 4, 3],
			"to": [14, 5, 13],
			"rotation": {"angle": 0, "axis": "y", "origin": [3, 4, 4]},
			"faces": {
				"north": {"uv": [12, 0.75, 15, 1], "texture": "#body"},
				"east": {"uv": [12, 2.5, 14.5, 2.75], "texture": "#body"},
				"south": {"uv": [12, 1, 15, 1.25], "texture": "#body"},
				"west": {"uv": [12, 2.75, 14.5, 3], "texture": "#body"},
				"up": {"uv": [9, 5.5, 6, 3], "texture": "#body"},
				"down": {"uv": [10, 5.5, 7, 8], "texture": "#body"}
			}
		},
		{
			"from": [2, 4, 17],
			"to": [14, 5, 19],
			"rotation": {"angle": 0, "axis": "y", "origin": [3, 4, 18]},
			"faces": {
				"north": {"uv": [1.25, 12, 4.25, 12.25], "texture": "#body"},
				"east": {"uv": [9, 5.25, 9.5, 5.5], "texture": "#body"},
				"south": {"uv": [12, 1.25, 15, 1.5], "texture": "#body"},
				"west": {"uv": [9.5, 5.25, 10, 5.5], "texture": "#body"},
				"up": {"uv": [13, 10.5, 10, 10], "texture": "#body"},
				"down": {"uv": [3, 10.5, 0, 11], "texture": "#body"}
			}
		},
		{
			"from": [2, 4, -3],
			"to": [14, 5, -1],
			"rotation": {"angle": 0, "axis": "y", "origin": [3, 4, -2]},
			"faces": {
				"north": {"uv": [12, 1.5, 15, 1.75], "texture": "#body"},
				"east": {"uv": [12, 4.5, 12.5, 4.75], "texture": "#body"},
				"south": {"uv": [12, 1.75, 15, 2], "texture": "#body"},
				"west": {"uv": [12.5, 4.5, 13, 4.75], "texture": "#body"},
				"up": {"uv": [6, 11, 3, 10.5], "texture": "#body"},
				"down": {"uv": [13, 10.5, 10, 11], "texture": "#body"}
			}
		},
		{
			"from": [2, 5, -3],
			"to": [14, 6, 19],
			"rotation": {"angle": 0, "axis": "y", "origin": [3, 5, 4]},
			"faces": {
				"north": {"uv": [12, 2, 15, 2.25], "texture": "#body"},
				"east": {"uv": [0, 11, 5.5, 11.25], "texture": "#body"},
				"south": {"uv": [12, 2.25, 15, 2.5], "texture": "#body"},
				"west": {"uv": [5.5, 11, 11, 11.25], "texture": "#body"},
				"up": {"uv": [3, 5.5, 0, 0], "texture": "#body"},
				"down": {"uv": [6, 0, 3, 5.5], "texture": "#body"}
			}
		},
		{
			"name": "bonnet",
			"from": [2, 6, -3],
			"to": [14, 10, 2],
			"rotation": {"angle": 0, "axis": "y", "origin": [2, 6, -3]},
			"faces": {
				"north": {"uv": [7, 10, 10, 11], "texture": "#body"},
				"east": {"uv": [11, 11, 12.25, 12], "texture": "#body"},
				"south": {"uv": [10, 7.5, 13, 8.5], "texture": "#body"},
				"west": {"uv": [0, 11.25, 1.25, 12.25], "texture": "#body"},
				"up": {"uv": [12, 4.75, 9, 3.5], "texture": "#body"},
				"down": {"uv": [13, 4.75, 10, 6], "texture": "#body"}
			}
		},
		{
			"name": "windscreen",
			"from": [3, 10, 0.9],
			"to": [13, 16.1, 1.9],
			"rotation": {"angle": 22.5, "axis": "x", "origin": [2, 10, 0.9]},
			"faces": {
				"north": {"uv": [0, 0, 5, 3], "texture": "#windscreen"},
				"east": {"uv": [5, 1, 5.5, 4], "texture": "#windscreen"},
				"south": {"uv": [0, 3, 5, 6], "texture": "#windscreen"},
				"west": {"uv": [5, 4, 5.5, 7], "texture": "#windscreen"},
				"up": {"uv": [10, 0.5, 5, 0], "texture": "#windscreen"},
				"down": {"uv": [10, 0.5, 5, 1], "texture": "#windscreen"}
			}
		},
		{
			"name": "beamfr",
			"from": [2.01, 10, 0.9],
			"to": [3, 16.1, 1.9],
			"rotation": {"angle": 22.5, "axis": "x", "origin": [1, 10, 0.9]},
			"faces": {
				"north": {"uv": [6, 12, 6.25, 13.5], "texture": "#body"},
				"east": {"uv": [6.25, 12, 6.5, 13.5], "texture": "#body"},
				"south": {"uv": [6.5, 12, 6.75, 13.5], "texture": "#body"},
				"west": {"uv": [6.75, 12, 7, 13.5], "texture": "#body"},
				"up": {"uv": [12.5, 12, 12.25, 11.75], "texture": "#body"},
				"down": {"uv": [13, 9.5, 12.75, 9.75], "texture": "#body"}
			}
		},
		{
			"name": "beamfl",
			"from": [13, 10, 0.9],
			"to": [13.99, 16.1, 1.9],
			"rotation": {"angle": 22.5, "axis": "x", "origin": [12, 10, 0.9]},
			"faces": {
				"north": {"uv": [7, 12, 7.25, 13.5], "texture": "#body"},
				"east": {"uv": [7.25, 12, 7.5, 13.5], "texture": "#body"},
				"south": {"uv": [7.5, 12, 7.75, 13.5], "texture": "#body"},
				"west": {"uv": [7.75, 12, 8, 13.5], "texture": "#body"},
				"up": {"uv": [13, 10, 12.75, 9.75], "texture": "#body"},
				"down": {"uv": [13, 11, 12.75, 11.25], "texture": "#body"}
			}
		},
		{
			"name": "roof",
			"from": [2, 15, 3],
			"to": [14, 16, 14.85],
			"rotation": {"angle": 0, "axis": "y", "origin": [3, 14, 3]},
			"faces": {
				"north": {"uv": [1.25, 11.25, 4.25, 11.5], "texture": "#body"},
				"east": {"uv": [4.25, 11.25, 7.25, 11.5], "texture": "#body"},
				"south": {"uv": [7.25, 11.25, 10.25, 11.5], "texture": "#body"},
				"west": {"uv": [1.25, 11.5, 4.25, 11.75], "texture": "#body"},
				"up": {"uv": [7, 8.5, 4, 5.5], "texture": "#body"},
				"down": {"uv": [9, 0, 6, 3], "texture": "#body"}
			}
		},
		{
			"name": "beammr",
			"from": [2, 6, 8],
			"to": [3, 15, 9],
			"rotation": {"angle": 0, "axis": "y", "origin": [2, 6, 7]},
			"faces": {
				"north": {"uv": [10.25, 11.25, 10.5, 13.5], "texture": "#body"},
				"east": {"uv": [10.5, 11.25, 10.75, 13.5], "texture": "#body"},
				"south": {"uv": [10.75, 11.25, 11, 13.5], "texture": "#body"},
				"west": {"uv": [4.25, 12, 4.5, 14.25], "texture": "#body"},
				"up": {"uv": [4.25, 13.25, 4, 13], "texture": "#body"},
				"down": {"uv": [13.25, 4.5, 13, 4.75], "texture": "#body"}
			}
		},
		{
			"name": "beamml",
			"from": [13, 6, 8],
			"to": [14, 15, 9],
			"rotation": {"angle": 0, "axis": "y", "origin": [13, 6, 7]},
			"faces": {
				"north": {"uv": [4.5, 12, 4.75, 14.25], "texture": "#body"},
				"east": {"uv": [4.75, 12, 5, 14.25], "texture": "#body"},
				"south": {"uv": [5, 12, 5.25, 14.25], "texture": "#body"},
				"west": {"uv": [5.25, 12, 5.5, 14.25], "texture": "#body"},
				"up": {"uv": [13.25, 5, 13, 4.75], "texture": "#body"},
				"down": {"uv": [13.25, 5, 13, 5.25], "texture": "#body"}
			}
		},
		{
			"name": "a",
			"from": [13, 6, 14],
			"to": [14, 8, 18],
			"rotation": {"angle": 0, "axis": "y", "origin": [12, 6, 16]},
			"faces": {
				"north": {"uv": [12.25, 12.5, 12.5, 13], "texture": "#body"},
				"east": {"uv": [12, 3, 13, 3.5], "texture": "#body"},
				"south": {"uv": [12.5, 12.5, 12.75, 13], "texture": "#body"},
				"west": {"uv": [12, 3.5, 13, 4], "texture": "#body"},
				"up": {"uv": [10.25, 13, 10, 12], "texture": "#body"},
				"down": {"uv": [0.25, 12.25, 0, 13.25], "texture": "#body"}
			}
		},
		{
			"name": "e",
			"from": [13, 14, 14],
			"to": [14, 15, 15],
			"rotation": {"angle": 0, "axis": "y", "origin": [12, 14, 16]},
			"faces": {
				"north": {"uv": [3.25, 13, 3.5, 13.25], "texture": "#body"},
				"east": {"uv": [13, 3.25, 13.25, 3.5], "texture": "#body"},
				"south": {"uv": [3.5, 13, 3.75, 13.25], "texture": "#body"},
				"west": {"uv": [13, 3.5, 13.25, 3.75], "texture": "#body"},
				"up": {"uv": [4, 13.25, 3.75, 13], "texture": "#body"},
				"down": {"uv": [13.25, 3.75, 13, 4], "texture": "#body"}
			}
		},
		{
			"name": "d",
			"from": [13, 12, 14],
			"to": [14, 14, 15.5],
			"rotation": {"angle": 0, "axis": "y", "origin": [12, 12, 16]},
			"faces": {
				"north": {"uv": [0.25, 12.75, 0.5, 13.25], "texture": "#body"},
				"east": {"uv": [0.25, 12.25, 0.75, 12.75], "texture": "#body"},
				"south": {"uv": [0.5, 12.75, 0.75, 13.25], "texture": "#body"},
				"west": {"uv": [0.75, 12.25, 1.25, 12.75], "texture": "#body"},
				"up": {"uv": [1, 13.25, 0.75, 12.75], "texture": "#body"},
				"down": {"uv": [1.25, 12.75, 1, 13.25], "texture": "#body"}
			}
		},
		{
			"name": "c",
			"from": [13, 10, 14],
			"to": [14, 12, 16.4],
			"rotation": {"angle": 0, "axis": "y", "origin": [12, 10, 16]},
			"faces": {
				"north": {"uv": [1.25, 12.75, 1.5, 13.25], "texture": "#body"},
				"east": {"uv": [1.25, 12.25, 1.75, 12.75], "texture": "#body"},
				"south": {"uv": [1.5, 12.75, 1.75, 13.25], "texture": "#body"},
				"west": {"uv": [1.75, 12.25, 2.25, 12.75], "texture": "#body"},
				"up": {"uv": [2, 13.25, 1.75, 12.75], "texture": "#body"},
				"down": {"uv": [2.25, 12.75, 2, 13.25], "texture": "#body"}
			}
		},
		{
			"name": "b",
			"from": [13, 8, 14],
			"to": [14, 10, 17.2],
			"rotation": {"angle": 0, "axis": "y", "origin": [12, 8, 16]},
			"faces": {
				"north": {"uv": [12.75, 8.5, 13, 9], "texture": "#body"},
				"east": {"uv": [8.75, 12, 9.5, 12.5], "texture": "#body"},
				"south": {"uv": [12.75, 9, 13, 9.5], "texture": "#body"},
				"west": {"uv": [12, 9, 12.75, 9.5], "texture": "#body"},
				"up": {"uv": [8.5, 13.25, 8.25, 12.5], "texture": "#body"},
				"down": {"uv": [8.75, 12.5, 8.5, 13.25], "texture": "#body"}
			}
		},
		{
			"name": "a",
			"from": [2, 6, 14],
			"to": [3, 8, 18],
			"rotation": {"angle": 0, "axis": "y", "origin": [1, 6, 16]},
			"faces": {
				"north": {"uv": [8.75, 12.5, 9, 13], "texture": "#body"},
				"east": {"uv": [9, 4.75, 10, 5.25], "texture": "#body"},
				"south": {"uv": [9, 12.5, 9.25, 13], "texture": "#body"},
				"west": {"uv": [6, 10.5, 7, 11], "texture": "#body"},
				"up": {"uv": [9.75, 13, 9.5, 12], "texture": "#body"},
				"down": {"uv": [10, 12, 9.75, 13], "texture": "#body"}
			}
		},
		{
			"name": "e",
			"from": [2, 14, 14],
			"to": [3, 15, 15],
			"rotation": {"angle": 0, "axis": "y", "origin": [1, 14, 16]},
			"faces": {
				"north": {"uv": [12.75, 12.75, 13, 13], "texture": "#body"},
				"east": {"uv": [2.25, 13, 2.5, 13.25], "texture": "#body"},
				"south": {"uv": [2.5, 13, 2.75, 13.25], "texture": "#body"},
				"west": {"uv": [2.75, 13, 3, 13.25], "texture": "#body"},
				"up": {"uv": [3.25, 13.25, 3, 13], "texture": "#body"},
				"down": {"uv": [13.25, 3, 13, 3.25], "texture": "#body"}
			}
		},
		{
			"name": "d",
			"from": [2, 12, 14],
			"to": [3, 14, 15.5],
			"rotation": {"angle": 0, "axis": "y", "origin": [1, 12, 16]},
			"faces": {
				"north": {"uv": [9.25, 12.5, 9.5, 13], "texture": "#body"},
				"east": {"uv": [12, 9.5, 12.5, 10], "texture": "#body"},
				"south": {"uv": [12.5, 9.5, 12.75, 10], "texture": "#body"},
				"west": {"uv": [11, 12, 11.5, 12.5], "texture": "#body"},
				"up": {"uv": [11.25, 13, 11, 12.5], "texture": "#body"},
				"down": {"uv": [12.75, 11, 12.5, 11.5], "texture": "#body"}
			}
		},
		{
			"name": "c",
			"from": [2, 10, 14],
			"to": [3, 12, 16.4],
			"rotation": {"angle": 0, "axis": "y", "origin": [1, 10, 16]},
			"faces": {
				"north": {"uv": [11.25, 12.5, 11.5, 13], "texture": "#body"},
				"east": {"uv": [11.5, 12, 12, 12.5], "texture": "#body"},
				"south": {"uv": [11.5, 12.5, 11.75, 13], "texture": "#body"},
				"west": {"uv": [12, 12, 12.5, 12.5], "texture": "#body"},
				"up": {"uv": [12.75, 12, 12.5, 11.5], "texture": "#body"},
				"down": {"uv": [12, 12.5, 11.75, 13], "texture": "#body"}
			}
		},
		{
			"name": "b",
			"from": [2, 8, 14],
			"to": [3, 10, 17.2],
			"rotation": {"angle": 0, "axis": "y", "origin": [1, 8, 16]},
			"faces": {
				"north": {"uv": [12, 12.5, 12.25, 13], "texture": "#body"},
				"east": {"uv": [8, 12, 8.75, 12.5], "texture": "#body"},
				"south": {"uv": [12.5, 12, 12.75, 12.5], "texture": "#body"},
				"west": {"uv": [12, 8.5, 12.75, 9], "texture": "#body"},
				"up": {"uv": [12.5, 11.75, 12.25, 11], "texture": "#body"},
				"down": {"uv": [8.25, 12.5, 8, 13.25], "texture": "#body"}
			}
		},
		{
			"name": "back_low",
			"from": [2.01, 5.25, 18.15],
			"to": [13.99, 12.05, 19.15],
			"rotation": {"angle": -22.5, "axis": "x", "origin": [2, 5.25, 17.15]},
			"faces": {
				"north": {"uv": [9, 0, 12, 1.75], "texture": "#body"},
				"east": {"uv": [5.5, 12, 5.75, 13.75], "texture": "#body"},
				"south": {"uv": [9, 1.75, 12, 3.5], "texture": "#body"},
				"west": {"uv": [5.75, 12, 6, 13.75], "texture": "#body"},
				"up": {"uv": [7.25, 11.75, 4.25, 11.5], "texture": "#body"},
				"down": {"uv": [10.25, 11.5, 7.25, 11.75], "texture": "#body"}
			}
		},
		{
			"name": "beambl",
			"from": [2.01, 12.05, 18.15],
			"to": [2.99, 14.85, 19.15],
			"rotation": {"angle": -22.5, "axis": "x", "origin": [2, 5.25, 17.15]},
			"faces": {
				"north": {"uv": [2.25, 12.25, 2.5, 13], "texture": "#body"},
				"east": {"uv": [2.5, 12.25, 2.75, 13], "texture": "#body"},
				"south": {"uv": [2.75, 12.25, 3, 13], "texture": "#body"},
				"west": {"uv": [3, 12.25, 3.25, 13], "texture": "#body"},
				"up": {"uv": [13, 11.5, 12.75, 11.25], "texture": "#body"},
				"down": {"uv": [13, 11.5, 12.75, 11.75], "texture": "#body"}
			}
		},
		{
			"name": "beambr",
			"from": [13.01, 12.05, 18.15],
			"to": [13.99, 14.85, 19.15],
			"rotation": {"angle": -22.5, "axis": "x", "origin": [2, 5.25, 17.15]},
			"faces": {
				"north": {"uv": [3.25, 12.25, 3.5, 13], "texture": "#body"},
				"east": {"uv": [3.5, 12.25, 3.75, 13], "texture": "#body"},
				"south": {"uv": [3.75, 12.25, 4, 13], "texture": "#body"},
				"west": {"uv": [4, 12.25, 4.25, 13], "texture": "#body"},
				"up": {"uv": [13, 12, 12.75, 11.75], "texture": "#body"},
				"down": {"uv": [13, 12, 12.75, 12.25], "texture": "#body"}
			}
		},
		{
			"name": "back_high",
			"from": [2.01, 14.85, 18.15],
			"to": [13.99, 16.05, 19.15],
			"rotation": {"angle": -22.5, "axis": "x", "origin": [2, 5.25, 17.15]},
			"faces": {
				"north": {"uv": [1.25, 11.75, 4.25, 12], "texture": "#body"},
				"east": {"uv": [12.75, 12.25, 13, 12.5], "texture": "#body"},
				"south": {"uv": [4.25, 11.75, 7.25, 12], "texture": "#body"},
				"west": {"uv": [12.75, 12.5, 13, 12.75], "texture": "#body"},
				"up": {"uv": [10.25, 12, 7.25, 11.75], "texture": "#body"},
				"down": {"uv": [15, 0, 12, 0.25], "texture": "#body"}
			}
		},
		{
			"name": "back_window",
			"from": [3.01, 12.05, 18.15],
			"to": [12.99, 14.85, 19.15],
			"rotation": {"angle": -22.5, "axis": "x", "origin": [2, 5.25, 17.15]},
			"faces": {
				"north": {"uv": [0, 0, 10, 3], "texture": "#back_window"},
				"east": {"uv": [0, 8, 1, 11], "texture": "#back_window"},
				"south": {"uv": [0, 3, 10, 6], "texture": "#back_window"},
				"west": {"uv": [1, 8, 2, 11], "texture": "#back_window"},
				"up": {"uv": [10, 7, 0, 6], "texture": "#back_window"},
				"down": {"uv": [10, 7, 0, 8], "texture": "#back_window"}
			}
		},
		{
			"name": "front_plate",
			"from": [5, 4.5, -3.25],
			"to": [11, 6.5, -3],
			"rotation": {"angle": 0, "axis": "y", "origin": [6, 4.5, -4]},
			"faces": {
				"north": {"uv": [0, 4, 6, 6], "texture": "#4"},
				"east": {"uv": [7, 4, 7.25, 6], "texture": "#4"},
				"south": {"uv": [0, 6, 6, 8], "texture": "#4"},
				"west": {"uv": [7, 6, 7.25, 8], "texture": "#4"},
				"up": {"uv": [12, 2.25, 6, 2], "texture": "#4"},
				"down": {"uv": [12, 3, 6, 3.25], "texture": "#4"}
			}
		},
		{
			"name": "back_plate",
			"from": [5, 7, 18.5],
			"to": [11, 9, 18.75],
			"rotation": {"angle": -22.5, "axis": "x", "origin": [6, 7, 17.75]},
			"faces": {
				"north": {"uv": [0, 0, 6, 2], "texture": "#4"},
				"east": {"uv": [6, 4, 6.25, 6], "texture": "#4"},
				"south": {"uv": [0, 2, 6, 4], "texture": "#4"},
				"west": {"uv": [6, 6, 6.25, 8], "texture": "#4"},
				"up": {"uv": [12, 0.25, 6, 0], "texture": "#4"},
				"down": {"uv": [12, 1, 6, 1.25], "texture": "#4"}
			}
		},
		{
			"name": "headlight",
			"from": [4, 7, -3.5],
			"to": [6, 9, -3],
			"faces": {
				"north": {"uv": [0, 0, 2, 2], "texture": "#5"},
				"east": {"uv": [1, 5, 1.5, 7], "texture": "#5"},
				"south": {"uv": [0, 2, 2, 4], "texture": "#5"},
				"west": {"uv": [2, 5, 2.5, 7], "texture": "#5"},
				"up": {"uv": [5, 5.5, 3, 5], "texture": "#5"},
				"down": {"uv": [7, 3, 5, 3.5], "texture": "#5"}
			}
		},
		{
			"name": "headlight",
			"from": [10, 7, -3.5],
			"to": [12, 9, -3],
			"faces": {
				"north": {"uv": [0, 0, 2, 2], "texture": "#5"},
				"east": {"uv": [1, 5, 1.5, 7], "texture": "#5"},
				"south": {"uv": [0, 2, 2, 4], "texture": "#5"},
				"west": {"uv": [2, 5, 2.5, 7], "texture": "#5"},
				"up": {"uv": [5, 5.5, 3, 5], "texture": "#5"},
				"down": {"uv": [7, 3, 5, 3.5], "texture": "#5"}
			}
		},
		{
			"name": "brake_light",
			"from": [4, 4, 19],
			"to": [6, 6, 19.5],
			"faces": {
				"north": {"uv": [2, 0, 4, 2], "texture": "#5"},
				"east": {"uv": [5, 4, 5.5, 6], "texture": "#5"},
				"south": {"uv": [2, 2, 4, 4], "texture": "#5"},
				"west": {"uv": [3, 6, 3.5, 8], "texture": "#5"},
				"up": {"uv": [6, 6.5, 4, 6], "texture": "#5"},
				"down": {"uv": [8, 4, 6, 4.5], "texture": "#5"}
			}
		},
		{
			"name": "brake_light",
			"from": [10, 4, 19],
			"to": [12, 6, 19.5],
			"faces": {
				"north": {"uv": [2, 0, 4, 2], "texture": "#5"},
				"east": {"uv": [5, 4, 5.5, 6], "texture": "#5"},
				"south": {"uv": [2, 2, 4, 4], "texture": "#5"},
				"west": {"uv": [3, 6, 3.5, 8], "texture": "#5"},
				"up": {"uv": [6, 6.5, 4, 6], "texture": "#5"},
				"down": {"uv": [8, 4, 6, 4.5], "texture": "#5"}
			}
		},
		{
			"name": "top_brake_light",
			"from": [6, 10.4, 21.9],
			"to": [10, 11.4, 22.4],
			"rotation": {"angle": -22.5, "axis": "x", "origin": [0, -4, 6.9]},
			"faces": {
				"north": {"uv": [0, 4, 4, 5], "texture": "#5"},
				"east": {"uv": [1, 7, 1.5, 8], "texture": "#5"},
				"south": {"uv": [4, 0, 8, 1], "texture": "#5"},
				"west": {"uv": [2, 7, 2.5, 8], "texture": "#5"},
				"up": {"uv": [8, 1.5, 4, 1], "texture": "#5"},
				"down": {"uv": [8, 2, 4, 2.5], "texture": "#5"}
			}
		},
		{
			"name": "indicator",
			"from": [3, 7, -3.5],
			"to": [4, 9, -3],
			"faces": {
				"north": {"uv": [4, 3, 5, 5], "texture": "#5"},
				"east": {"uv": [6, 5, 6.5, 7], "texture": "#5"},
				"south": {"uv": [0, 5, 1, 7], "texture": "#5"},
				"west": {"uv": [0, 7, 0.5, 9], "texture": "#5"},
				"up": {"uv": [8, 3.5, 7, 3], "texture": "#5"},
				"down": {"uv": [5, 7, 4, 7.5], "texture": "#5"}
			}
		},
		{
			"name": "indicator",
			"from": [12, 7, -3.5],
			"to": [13, 9, -3],
			"faces": {
				"north": {"uv": [4, 3, 5, 5], "texture": "#5"},
				"east": {"uv": [6, 5, 6.5, 7], "texture": "#5"},
				"south": {"uv": [0, 5, 1, 7], "texture": "#5"},
				"west": {"uv": [0, 7, 0.5, 9], "texture": "#5"},
				"up": {"uv": [8, 3.5, 7, 3], "texture": "#5"},
				"down": {"uv": [5, 7, 4, 7.5], "texture": "#5"}
			}
		},
		{
			"name": "indicator",
			"from": [3, 4, 19],
			"to": [4, 6, 19.5],
			"rotation": {"angle": 0, "axis": "y", "origin": [3.5, 8, 20.75]},
			"faces": {
				"north": {"uv": [0, 5, 1, 7], "texture": "#5"},
				"east": {"uv": [0, 7, 0.5, 9], "texture": "#5"},
				"south": {"uv": [4, 3, 5, 5], "texture": "#5"},
				"west": {"uv": [6, 5, 6.5, 7], "texture": "#5"},
				"up": {"uv": [8, 3.5, 7, 3], "rotation": 180, "texture": "#5"},
				"down": {"uv": [5, 7, 4, 7.5], "rotation": 180, "texture": "#5"}
			}
		},
		{
			"name": "indicator",
			"from": [12, 4, 19],
			"to": [13, 6, 19.5],
			"rotation": {"angle": 0, "axis": "y", "origin": [3.5, 8, 20.75]},
			"faces": {
				"north": {"uv": [0, 5, 1, 7], "texture": "#5"},
				"east": {"uv": [0, 7, 0.5, 9], "texture": "#5"},
				"south": {"uv": [4, 3, 5, 5], "texture": "#5"},
				"west": {"uv": [6, 5, 6.5, 7], "texture": "#5"},
				"up": {"uv": [8, 3.5, 7, 3], "rotation": 180, "texture": "#5"},
				"down": {"uv": [5, 7, 4, 7.5], "rotation": 180, "texture": "#5"}
			}
		}
	],
	"display": {
		"thirdperson_righthand": {
			"rotation": [0, 90, 0],
			"translation": [0, 1.75, 0],
			"scale": [0.3, 0.3, 0.3]
		},
		"thirdperson_lefthand": {
			"rotation": [0, 90, 0],
			"translation": [0, 1.75, 0],
			"scale": [0.3, 0.3, 0.3]
		},
		"firstperson_righthand": {
			"rotation": [0, 58, 0],
			"translation": [-1.25, 3.5, 0],
			"scale": [0.5, 0.5, 0.5]
		},
		"firstperson_lefthand": {
			"rotation": [0, 58, 0],
			"translation": [-1.25, 3.5, 0],
			"scale": [0.5, 0.5, 0.5]
		},
		"ground": {
			"translation": [0, 1, 0],
			"scale": [0.3, 0.3, 0.3]
		},
		"gui": {
			"rotation": [17, 144, 0],
			"scale": [0.6, 0.6, 0.6]
		},
		"head": {
			"translation": [0, -8, 0],
			"scale": [2, 2, 2]
		},
		"fixed": {
			"rotation": [0, 90, 0],
			"translation": [0, 0, -2.25],
			"scale": [0.5, 0.5, 0.5]
		}
	},
	"groups": [
		{
			"name": "wheels",
			"origin": [8, 8, 8],
			"color": 0,
			"children": [
				{
					"name": "wheel4",
					"origin": [8, 8, 8],
					"color": 0,
					"children": [0, 1, 2]
				},
				{
					"name": "wheel3",
					"origin": [8, 8, 8],
					"color": 0,
					"children": [3, 4, 5]
				},
				{
					"name": "wheel2",
					"origin": [8, 8, 8],
					"color": 0,
					"children": [6, 7, 8]
				},
				{
					"name": "wheel1",
					"origin": [8, 8, 8],
					"color": 0,
					"children": [9, 10, 11]
				}
			]
		},
		{
			"name": "base",
			"origin": [8, 8, 8],
			"color": 0,
			"children": [12, 13, 14, 15, 16, 17]
		},
		{
			"name": "body",
			"origin": [8, 8, 8],
			"color": 0,
			"children": [
				18,
				19,
				20,
				21,
				22,
				23,
				24,
				{
					"name": "wallr",
					"origin": [8, 8, 8],
					"color": 0,
					"children": [25, 26, 27, 28, 29]
				},
				{
					"name": "walll",
					"origin": [8, 8, 8],
					"color": 0,
					"children": [30, 31, 32, 33, 34]
				}
			]
		},
		{
			"name": "boot",
			"origin": [8, 8, 8],
			"color": 0,
			"children": [35, 36, 37, 38, 39]
		},
		{
			"name": "plates",
			"origin": [8, 8, 8],
			"color": 0,
			"children": [40, 41]
		},
		{
			"name": "lights",
			"origin": [8, 8, 8],
			"color": 0,
			"children": [42, 43, 44, 45, 46, 47, 48, 49, 50]
		}
	]
}