{"parent": "item/generated", "textures": {"layer0": "item/feather"}, "display": {"head": {"rotation": [0, 0, 45], "translation": [-1, 13, 7], "scale": [1, 1, 1]}}, "overrides": [{"predicate": {"custom_model_data": 1}, "model": "city:item/car"}, {"predicate": {"custom_model_data": 2}, "model": "city:block/lighting_column_base"}, {"predicate": {"custom_model_data": 3}, "model": "city:block/lighting_column_midsection"}, {"predicate": {"custom_model_data": 4}, "model": "city:block/lighting_column_lantern"}, {"predicate": {"custom_model_data": 5}, "model": "city:block/lighting_column_small_lantern"}, {"predicate": {"custom_model_data": 6}, "model": "city:block/lighting_column_wall_mount"}]}