{
    "variants": {
        "": [
            {
                "model": "city:block/lighting_column_midsection"
            },
            {
                "model": "city:block/lighting_column_midsection",
                "y": 90
            },
            {
                "model": "city:block/lighting_column_midsection",
                "y": 180
            },
            {
                "model": "city:block/lighting_column_midsection",
                "y": 270
            }
        ]
    }
}