{"parent": "item/generated", "textures": {"layer0": "item/feather"}, "display": {"head": {"rotation": [0, 0, 45], "translation": [-1, 13, 7], "scale": [1, 1, 1]}}, "overrides": [{"predicate": {"custom_model_data": 1}, "model": "city:item/car"}, {"predicate": {"custom_model_data": 2}, "model": "city:block/lighting_column_base"}, {"predicate": {"custom_model_data": 3}, "model": "city:block/lighting_column_midsection"}, {"predicate": {"custom_model_data": 4}, "model": "city:block/lighting_column_lantern"}, {"predicate": {"custom_model_data": 5}, "model": "city:block/lighting_column_small_lantern"}, {"predicate": {"custom_model_data": 6}, "model": "city:block/lighting_column_wall_mount"}, {"predicate": {"custom_model_data": 7}, "model": "city:block/sign/no_entry"}, {"predicate": {"custom_model_data": 8}, "model": "city:block/sign/give_way"}, {"predicate": {"custom_model_data": 9}, "model": "city:block/sign/enter_motorway"}, {"predicate": {"custom_model_data": 10}, "model": "city:block/sign/exit_motorway"}, {"predicate": {"custom_model_data": 11}, "model": "city:block/sign/large/j1_immediate_eastbound_0"}, {"predicate": {"custom_model_data": 12}, "model": "city:block/sign/large/j1_immediate_eastbound_1"}, {"predicate": {"custom_model_data": 13}, "model": "city:block/sign/large/j1_immediate_eastbound_2"}, {"predicate": {"custom_model_data": 14}, "model": "city:block/sign/large/j1_immediate_eastbound_3"}, {"predicate": {"custom_model_data": 15}, "model": "city:block/sign/large/j1_immediate_westbound_0"}, {"predicate": {"custom_model_data": 16}, "model": "city:block/sign/large/j1_immediate_westbound_1"}, {"predicate": {"custom_model_data": 17}, "model": "city:block/sign/large/j1_immediate_westbound_2"}, {"predicate": {"custom_model_data": 18}, "model": "city:block/sign/large/j1_immediate_westbound_3"}]}