{
	"credit": "Made with Blockbench",
	"texture_size": [32, 32],
	"textures": {
		"0": "city:block/lighting_column_small_lantern",
		"particle": "city:block/lighting_column_small_lantern"
	},
	"elements": [
		{
			"name": "light",
			"from": [6, 8.5, 7],
			"to": [10, 9.5, 12],
			"light_emission": 15,
			"faces": {
				"north": {"uv": [8.5, 5, 10.5, 5.5], "texture": "#0"},
				"east": {"uv": [7.5, 5.5, 10, 6], "texture": "#0"},
				"south": {"uv": [9, 9, 11, 9.5], "texture": "#0"},
				"west": {"uv": [2, 8, 4.5, 8.5], "texture": "#0"},
				"up": {"uv": [3, 8, 1, 5.5], "texture": "#0"},
				"down": {"uv": [5, 5.5, 3, 8], "texture": "#0"}
			}
		},
		{
			"name": "case",
			"from": [5, 9, 6],
			"to": [11, 11, 13],
			"faces": {
				"north": {"uv": [6, 2, 9, 3], "texture": "#0"},
				"east": {"uv": [6, 0, 9.5, 1], "texture": "#0"},
				"south": {"uv": [6, 3, 9, 4], "texture": "#0"},
				"west": {"uv": [6, 1, 9.5, 2], "texture": "#0"},
				"up": {"uv": [3, 3.5, 0, 0], "texture": "#0"},
				"down": {"uv": [6, 0, 3, 3.5], "texture": "#0"}
			}
		},
		{
			"from": [7, 9, 13],
			"to": [9, 11, 23],
			"faces": {
				"north": {"uv": [8, 8, 9, 9], "texture": "#0"},
				"east": {"uv": [0, 3.5, 5, 4.5], "texture": "#0"},
				"south": {"uv": [2, 8.5, 3, 9.5], "texture": "#0"},
				"west": {"uv": [0, 4.5, 5, 5.5], "texture": "#0"},
				"up": {"uv": [6, 8.5, 5, 3.5], "texture": "#0"},
				"down": {"uv": [1, 5.5, 0, 10.5], "texture": "#0"}
			}
		},
		{
			"from": [7, 3, 21],
			"to": [9, 6, 23],
			"faces": {
				"north": {"uv": [7.5, 4, 8.5, 5.5], "texture": "#0"},
				"east": {"uv": [6, 7.5, 7, 9], "texture": "#0"},
				"south": {"uv": [7, 7.5, 8, 9], "texture": "#0"},
				"west": {"uv": [1, 8, 2, 9.5], "texture": "#0"},
				"up": {"uv": [4, 9.5, 3, 8.5], "texture": "#0"},
				"down": {"uv": [5, 8.5, 4, 9.5], "texture": "#0"}
			}
		},
		{
			"from": [7, 1, 22],
			"to": [9, 3, 23],
			"faces": {
				"north": {"uv": [8.5, 4, 9.5, 5], "texture": "#0"},
				"east": {"uv": [9.5, 0, 10, 1], "texture": "#0"},
				"south": {"uv": [5, 8.5, 6, 9.5], "texture": "#0"},
				"west": {"uv": [1, 9.5, 1.5, 10.5], "texture": "#0"},
				"up": {"uv": [10.5, 1.5, 9.5, 1], "texture": "#0"},
				"down": {"uv": [2.5, 9.5, 1.5, 10], "texture": "#0"}
			}
		},
		{
			"from": [7, 8, 15],
			"to": [9, 9, 17],
			"faces": {
				"north": {"uv": [9.5, 1.5, 10.5, 2], "texture": "#0"},
				"east": {"uv": [2.5, 9.5, 3.5, 10], "texture": "#0"},
				"south": {"uv": [3.5, 9.5, 4.5, 10], "texture": "#0"},
				"west": {"uv": [9.5, 4, 10.5, 4.5], "texture": "#0"},
				"up": {"uv": [10, 3, 9, 2], "texture": "#0"},
				"down": {"uv": [10, 3, 9, 4], "texture": "#0"}
			}
		},
		{
			"from": [7, 6, 20],
			"to": [9, 8, 22],
			"faces": {
				"north": {"uv": [6, 9, 7, 10], "texture": "#0"},
				"east": {"uv": [9, 6, 10, 7], "texture": "#0"},
				"south": {"uv": [7, 9, 8, 10], "texture": "#0"},
				"west": {"uv": [9, 7, 10, 8], "texture": "#0"},
				"up": {"uv": [9, 10, 8, 9], "texture": "#0"},
				"down": {"uv": [10, 8, 9, 9], "texture": "#0"}
			}
		},
		{
			"from": [7, 7, 17],
			"to": [9, 9, 20],
			"faces": {
				"north": {"uv": [8, 6, 9, 7], "texture": "#0"},
				"east": {"uv": [6, 4, 7.5, 5], "texture": "#0"},
				"south": {"uv": [8, 7, 9, 8], "texture": "#0"},
				"west": {"uv": [6, 5, 7.5, 6], "texture": "#0"},
				"up": {"uv": [7, 7.5, 6, 6], "texture": "#0"},
				"down": {"uv": [8, 6, 7, 7.5], "texture": "#0"}
			}
		}
	],
	"display": {
		"thirdperson_righthand": {
			"rotation": [0, -90, 0],
			"translation": [5.25, -1.75, -0.25],
			"scale": [0.5, 0.5, 0.5]
		},
		"thirdperson_lefthand": {
			"rotation": [0, -90, 0],
			"translation": [5.25, -1.75, -0.25],
			"scale": [0.5, 0.5, 0.5]
		},
		"firstperson_righthand": {
			"rotation": [0, 32, -9],
			"translation": [-5.25, 6, 0],
			"scale": [0.5, 0.5, 0.5]
		},
		"firstperson_lefthand": {
			"rotation": [0, 32, -9],
			"translation": [-5.25, 6, 0],
			"scale": [0.5, 0.5, 0.5]
		},
		"ground": {
			"rotation": [0, 0, 90],
			"translation": [0, 0, -8.5]
		},
		"gui": {
			"rotation": [-4, 153, 0],
			"translation": [-2.5, 2, 0]
		},
		"head": {
			"translation": [0, 2.5, -21.25]
		},
		"fixed": {
			"rotation": [0, 90, 0],
			"translation": [-7.25, 0, 0]
		}
	},
	"groups": [
		0,
		1,
		{
			"name": "mount",
			"origin": [8, 8, 8],
			"color": 0,
			"children": [2, 3, 4, 5, 6, 7]
		}
	]
}