{
	"credit": "Made with Blockbench",
	"texture_size": [32, 32],
	"textures": {
		"0": "city:block/lighting_column_base",
		"particle": "city:block/lighting_column_base"
	},
	"elements": [
		{
			"from": [6, 0, 7],
			"to": [10, 11, 9],
			"faces": {
				"north": {"uv": [0, 0, 2, 5.5], "texture": "#0"},
				"east": {"uv": [2, 5.5, 3, 11], "texture": "#0"},
				"south": {"uv": [2, 0, 4, 5.5], "texture": "#0"},
				"west": {"uv": [3, 5.5, 4, 11], "texture": "#0"},
				"up": {"uv": [9, 3.5, 7, 2.5], "texture": "#0"},
				"down": {"uv": [9, 3.5, 7, 4.5], "texture": "#0"}
			}
		},
		{
			"from": [7, 11, 7],
			"to": [9, 16, 9],
			"faces": {
				"north": {"uv": [6, 0, 7, 2.5], "texture": "#0"},
				"east": {"uv": [6, 2.5, 7, 5], "texture": "#0"},
				"south": {"uv": [6, 5, 7, 7.5], "texture": "#0"},
				"west": {"uv": [7, 0, 8, 2.5], "texture": "#0"},
				"up": {"uv": [8, 5.5, 7, 4.5], "texture": "#0"},
				"down": {"uv": [8, 5.5, 7, 6.5], "texture": "#0"}
			}
		},
		{
			"from": [7, 0, 6],
			"to": [9, 11, 7],
			"faces": {
				"north": {"uv": [0, 5.5, 1, 11], "texture": "#0"},
				"east": {"uv": [5, 5.5, 5.5, 11], "texture": "#0"},
				"south": {"uv": [1, 5.5, 2, 11], "texture": "#0"},
				"west": {"uv": [5.5, 5.5, 6, 11], "texture": "#0"},
				"up": {"uv": [7, 8, 6, 7.5], "texture": "#0"},
				"down": {"uv": [8, 7.5, 7, 8], "texture": "#0"}
			}
		},
		{
			"from": [7, 0, 9],
			"to": [9, 11, 10],
			"faces": {
				"north": {"uv": [4, 0, 5, 5.5], "texture": "#0"},
				"east": {"uv": [4, 5.5, 4.5, 11], "texture": "#0"},
				"south": {"uv": [5, 0, 6, 5.5], "texture": "#0"},
				"west": {"uv": [4.5, 5.5, 5, 11], "texture": "#0"},
				"up": {"uv": [8, 7, 7, 6.5], "texture": "#0"},
				"down": {"uv": [8, 7, 7, 7.5], "texture": "#0"}
			}
		}
	],
	"display": {
		"thirdperson_righthand": {
			"translation": [0, 0, -2]
		},
		"thirdperson_lefthand": {
			"translation": [0, 0, -2]
		},
		"firstperson_righthand": {
			"rotation": [0, 19, 0],
			"translation": [1.5, 4.75, 0]
		},
		"firstperson_lefthand": {
			"rotation": [0, 19, 0],
			"translation": [1.5, 4.75, 0]
		},
		"ground": {
			"rotation": [90, 0, 0]
		},
		"gui": {
			"rotation": [28, -46, 0],
			"scale": [0.75, 0.75, 0.75]
		},
		"head": {
			"translation": [0, 14.25, 0]
		},
		"fixed": {
			"rotation": [0, 0, -22]
		}
	}
}