{
    "multipart": [
        {
            "apply": {
                "model": "city:block/lighting_column_wall_mount"
            },
            "when": {
                "OR": [
                    {
                        "north": "tall"
                    },
                    {
                        "north": "low"
                    }
                ]
            }
        },
        {
            "apply": {
                "model": "city:block/lighting_column_wall_mount",
                "y": 90
            },
            "when": {
                "OR": [
                    {
                        "east": "tall"
                    },
                    {
                        "east": "low"
                    }
                ]
            }
        },
        {
            "apply": {
                "model": "city:block/lighting_column_wall_mount",
                "y": 180
            },
            "when": {
                "OR": [
                    {
                        "south": "tall"
                    },
                    {
                        "south": "low"
                    }
                ]
            }
        },
        {
            "apply": {
                "model": "city:block/lighting_column_wall_mount",
                "y": 270
            },
            "when": {
                "OR": [
                    {
                        "west": "tall"
                    },
                    {
                        "west": "low"
                    }
                ]
            }
        }
    ]
}