{
	"credit": "Made with Blockbench",
	"textures": {
		"0": "city:block/sign",
		"particle": "city:block/sign",
		"back": "item/barrier",
		"front": "item/barrier"
	},
	"elements": [
		{
			"from": [6, 7, 23],
			"to": [7, 9, 25],
			"faces": {
				"north": {"uv": [6, 6, 7, 8], "texture": "#0"},
				"east": {"uv": [0, 6, 2, 8], "texture": "#0"},
				"south": {"uv": [7, 6, 8, 8], "texture": "#0"},
				"west": {"uv": [6, 0, 8, 2], "texture": "#0"},
				"up": {"uv": [1, 10, 0, 8], "texture": "#0"},
				"down": {"uv": [9, 0, 8, 2], "texture": "#0"}
			}
		},
		{
			"from": [9, 7, 23],
			"to": [10, 9, 25],
			"faces": {
				"north": {"uv": [1, 8, 2, 10], "texture": "#0"},
				"east": {"uv": [2, 6, 4, 8], "texture": "#0"},
				"south": {"uv": [2, 8, 3, 10], "texture": "#0"},
				"west": {"uv": [6, 2, 8, 4], "texture": "#0"},
				"up": {"uv": [9, 4, 8, 2], "texture": "#0"},
				"down": {"uv": [4, 8, 3, 10], "texture": "#0"}
			}
		},
		{
			"from": [7, 7, 25],
			"to": [9, 9, 26],
			"faces": {
				"north": {"uv": [4, 6, 6, 8], "texture": "#0"},
				"east": {"uv": [4, 8, 5, 10], "texture": "#0"},
				"south": {"uv": [6, 4, 8, 6], "texture": "#0"},
				"west": {"uv": [8, 4, 9, 6], "texture": "#0"},
				"up": {"uv": [7, 9, 5, 8], "texture": "#0"},
				"down": {"uv": [10, 6, 8, 7], "texture": "#0"}
			}
		},
		{
			"from": [5, 7, 22],
			"to": [11, 9, 23],
			"faces": {
				"north": {"uv": [0, 0, 6, 2], "texture": "#0"},
				"east": {"uv": [7, 8, 8, 10], "texture": "#0"},
				"south": {"uv": [0, 2, 6, 4], "texture": "#0"},
				"west": {"uv": [8, 7, 9, 9], "texture": "#0"},
				"up": {"uv": [6, 5, 0, 4], "texture": "#0"},
				"down": {"uv": [6, 5, 0, 6], "texture": "#0"}
			}
		},
		{
			"from": [0, 0, 21.99],
			"to": [16, 16, 21.99],
			"faces": {
				"north": {"uv": [0, 0, 16, 16], "texture": "#front"},
				"east": {"uv": [0, 0, 0, 16], "texture": "#missing"},
				"south": {"uv": [0, 0, 16, 16], "texture": "#back"},
				"west": {"uv": [0, 0, 0, 16], "texture": "#missing"},
				"up": {"uv": [0, 0, 16, 0], "texture": "#missing"},
				"down": {"uv": [0, 0, 16, 0], "texture": "#missing"}
			}
		}
	],
	"display": {
		"thirdperson_righthand": {
			"translation": [0, 1, -14]
		},
		"thirdperson_lefthand": {
			"translation": [0, 1, -14]
		},
		"firstperson_righthand": {
			"rotation": [0, 15, 0],
			"translation": [-3, 2.5, -12.75]
		},
		"firstperson_lefthand": {
			"rotation": [0, 15, 0],
			"translation": [-3, 2.5, -12.75]
		},
		"ground": {
			"rotation": [-90, 0, 0],
			"translation": [0, -17.5, 0]
		},
		"gui": {
			"rotation": [-17, -157, 0],
			"translation": [4.25, 3, 0],
			"scale": [0.75, 0.75, 0.75]
		},
		"head": {
			"translation": [0, 0, -20.5]
		},
		"fixed": {
			"translation": [0, 0, -13.25]
		}
	},
	"groups": [
		{
			"name": "mount",
			"origin": [8, 8, 8],
			"color": 0,
			"children": [0, 1, 2, 3]
		},
		4
	]
}