{
    "thick_of_it": {
        "replace": true,
        "subtitle": "KSI - T**** O* I*",
        "sounds": [{
            "name": "ksi:sick_of_it",
            "volume": 1.0,
            "pitch": 1.0,
            "weight": 1,
            "stream": true,
            "attenuation_distance": 512,
            "preload": false,
            "type": "file"
        }]
    },
    "uhhh": {
        "replace": true,
        "subtitle": "donte mien tat nighte",
        "sounds": [{
            "name": "ksi:mining_at_night_is_very_unsafe",
            "volume": 1.0,
            "pitch": 1.0,
            "weight": 1,
            "stream": true,
            "attenuation_distance": 512,
            "preload": false,
            "type": "file"
        }]
    }
}