{"parent": "minecraft:item/barrier", "overrides": [{"predicate": {"custom_model_data": 1}, "model": "city:item/car"}, {"predicate": {"custom_model_data": 2}, "model": "city:block/lighting_column_base"}, {"predicate": {"custom_model_data": 3}, "model": "city:block/lighting_column_midsection"}, {"predicate": {"custom_model_data": 4}, "model": "city:block/lighting_column_lantern"}, {"predicate": {"custom_model_data": 5}, "model": "city:block/lighting_column_small_lantern"}, {"predicate": {"custom_model_data": 6}, "model": "city:block/lighting_column_wall_mount"}, {"predicate": {"custom_model_data": 7}, "model": "city:block/sign/no_entry"}, {"predicate": {"custom_model_data": 8}, "model": "city:block/sign/give_way"}, {"predicate": {"custom_model_data": 9}, "model": "city:block/sign/enter_motorway"}, {"predicate": {"custom_model_data": 10}, "model": "city:block/sign/exit_motorway"}]}