{
    "alarm": {
        "sounds": [
            {
                "name": "reactor:alarm",
                "preload": true
            }
        ]
    },
    "light_buzzing": {
        "sounds": [
            {
                "name": "reactor:light_buzzing",
                "preload": true
            }
        ]
    },
    "power_on": {
        "sounds": [
            {
                "name": "reactor:power_on",
                "preload": true
            }
        ]
    },
    "reactor_explode": {
        "sounds": [
            {
                "name": "reactor:reactor_explode",
                "preload": true
            }
        ]
    },
    "turbine_hall_ambience": {
        "sounds": [
            {
                "name": "reactor:turbine_hall_ambience",
                "preload": true
            }
        ]
    }
}